ID;Text;Label;N words;Source
D3-1;String theory is a broad and varied subject that attempts to address a number of deep questions of fundamental physics. String theory has contributed a number of advances to mathematical physics, which have been applied to a variety of problems in black hole physics, early universe cosmology, nuclear physics, and condensed matter physics, and it has stimulated a number of major developments in pure mathematics. Because string theory potentially provides a unified description of gravity and particle physics, it is a candidate for a theory of everything, a self-contained mathematical model that describes all fundamental forces and forms of matter. ;Human;100;Wikipedia
D3-2;String theory is a theoretical framework in physics that attempts to unify quantum mechanics and general relativity by proposing that the fundamental building blocks of the universe are not point-like particles but tiny, vibrating strings. These strings oscillate at different frequencies, giving rise to various particles and forces, including gravity. String theory suggests the existence of multiple dimensions beyond the familiar three of space and one of time, often proposing up to 11 dimensions in M-theory. While it offers a potential “theory of everything,” unifying all fundamental forces, it remains theoretical due to the lack of experimental evidence. Researchers continue to explore its implications for black holes, cosmology, and quantum gravity.;AI;111;GPT
D3-3;"String theory proposes that the fundamental building blocks of the universe aren't point-like particles but tiny, vibrating one-dimensional strings. These microscopic strings, vibrating at different frequencies and patterns, give rise to different elementary particles like electrons, quarks, and force carriers. Remarkably, string theory attempts to unify quantum mechanics (governing the subatomic world) with general relativity (governing gravity and cosmic structures)—a holy grail in theoretical physics. To mathematically function, string theory requires extra spatial dimensions beyond our familiar three—typically proposing 10 or 11 dimensions total, with the extra dimensions ""compactified"" or curled up so small we can't detect them. While mathematically elegant and potentially revolutionary, string theory remains theoretical with no experimental verification yet, despite decades of development by brilliant physicists.";AI;120;Claude
D3-4;I think string theory explains only the 3rd dimension as a whole which we are living in presently. It can explain everything that we can see and analysis from a third dimensional point of view and I will say it is a proof for mathematical and physical science “Gem that explains theory of everything in 3rd dimension “. Why I am saying it helps only on 3rd dimension and not 4th and higher dimension is that based on the proof that it explains boson particles can vibrate in 26 ways(dimension as on theory). But if we take a 3D model and plot the directions on the model from a single point of reference there will be 26 directions exactly.;Human;119;Quora
D3-5;With all this said, one should keep in mind that string theory is in some sense only in its infancy, and, as such, is nowhere near answering all the questions we hoped it would, especially regarding what happens at singularities, though it has certainly led to interesting mathematics (4-manifolds, knot theory....). It can also be said that it has taught us much about the subject of strongly coupled quantum field theories via dualities. There are those who believe that string theory in the end will either have nothing to do with nature, or will never be testable, and as such will always be relegated to be mathematics or philosophy.;Human;109;Paper
D3-6;"String theory is a theoretical framework in physics that attempts to reconcile quantum mechanics and general relativity, the two pillars of modern physics, into a single, all-encompassing theory. It posits that the fundamental particles, such as quarks and electrons, are not point-like dots but rather tiny, vibrating strings. These strings exist in a higher-dimensional spacetime—typically 10 or 11 dimensions—and their vibrational modes determine the properties of particles, such as mass and charge. String theory also incorporates the concept of supersymmetry, which hypothesizes a symmetry between bosons and fermions, suggesting that every known particle has a ""superpartner."" While string theory has the potential to unify all fundamental forces, including gravity, it remains highly speculative due to the lack of experimental evidence.";AI;120;DeepSeek
D3-7;A covalent bond is a chemical bond that involves the sharing of electrons to form electron pairs between atoms. These electron pairs are known as shared pairs or bonding pairs. The stable balance of attractive and repulsive forces between atoms, when they share electrons, is known as covalent bonding. For many molecules, the sharing of electrons allows each atom to attain the equivalent of a full valence shell, corresponding to a stable electronic configuration. In organic chemistry, covalent bonding is much more common than ionic bonding. Covalent bonding also includes many kinds of interactions, including σ-bonding, π-bonding, metal-to-metal bonding, agostic interactions, bent bonds, three-center two-electron bonds and three-center four-electron bonds.;Human;110;Wikipedia
D3-8;Covalent bonds form when atoms share electrons to achieve stable electron configurations, typically following the octet rule where atoms seek eight valence electrons. Unlike ionic bonds that involve electron transfer between metals and non-metals, covalent bonds primarily occur between non-metal atoms with similar electronegativity values. The shared electron pairs create strong attractions between nuclei, forming discrete molecules rather than extended lattices. Common examples include water (H₂O), carbon dioxide (CO₂), and methane (CH₄). Covalent bonds vary in strength and can be classified as single, double, or triple bonds depending on how many electron pairs are shared. They also exhibit polarity when electron sharing is unequal, creating partial charges across the molecule.;AI;110;Claude
D3-9;A covalent bond is a type of chemical bond where two atoms share one or more pairs of electrons to achieve stability. This typically occurs between nonmetal atoms, allowing them to fill their outer electron shells. Covalent bonds can be single, double, or triple, depending on the number of shared electron pairs. They are essential in forming molecules like water (H₂O), oxygen (O₂), and carbon dioxide (CO₂). These bonds can be polar, where electrons are shared unequally (as in H₂O), or nonpolar, where electrons are shared equally (as in O₂). Covalent bonds are generally strong and play a crucial role in biological molecules like DNA, proteins, and carbohydrates.;AI;108;GPT
D3-10;Covalent bonds are a type of chemical bond where atoms share electron pairs to achieve a stable electron configuration, similar to noble gases. The sharing of electrons allows atoms to attain a full outer shell, enhancing stability. The nature of the bond—whether polar or nonpolar—depends on the electronegativity of the atoms involved. In polar bonds, one atom attracts the shared electrons more strongly than the other, while in nonpolar bonds, electrons are shared equally due to similar electronegativities. Covalent bonds can be single, double, or triple, depending on the number of electron pairs shared. Single bonds involve one pair, double bonds two pairs, and triple bonds three pairs.;AI;108;DeepSeek
D3-11;Driven by exciting developments in the field of nanotechnology, which is one of the most prominent research areas of our time, the demand of novel materials with precisely adjustable properties and structures has steadily increased, especially for the construction of electronic devices. The current approach following continuous downsizing of the structural patterns of silica-based semiconductors and other nanoelectronic devices is intrinsically limited by physical laws (top-down approach). To overcome this particular and important problem a promising, but chemically rather challenging alternative, the so called bottom-up approach, is nowadays extensively investigated. The underlying principle of this method is the linkage of nano-sized building block units to create larger areas of defined and highly ordered nanostructures with designed properties.;Human;117;Paper
D3-12;Ionic bonding results from the electrostatic attraction of oppositely charged ions that are typically produced by the transfer of electrons between metallic and nonmetallic atoms. A different type of bonding results from the mutual attraction of atoms for a shared  pair of electrons. Such bonds are called covalent bonds. Covalent bonds are formed between two atoms when both have similar tendencies to attract electrons to themselves (i.e., when both atoms have identical or fairly similar ionization energies and electron affinities). For example, two hydrogen atoms bond covalently to form an H2 molecule, each hydrogen atom in the H2 molecule has two electrons stabilizing it, giving each atom the same number of valence electrons as the noble gas.;Human;117;Quora
D3-13;Plate tectonics is the scientific theory explaining how Earth's lithosphere—the rigid outer layer consisting of the crust and uppermost mantle—is divided into several large and small plates that move relative to one another. These plates float on the semi-fluid asthenosphere beneath them, driven primarily by convection currents in the mantle. Where plates meet, three main types of boundaries form: convergent (plates collide, creating mountains and subduction zones), divergent (plates separate, forming rifts and mid-ocean ridges), and transform (plates slide past each other, causing earthquakes). This continuous movement, occurring at rates of 1-15 cm annually, explains diverse geological phenomena including mountain formation, earthquakes, volcanic activity, and continental drift. Developed in the 1960s, plate tectonics revolutionized our understanding of Earth's dynamic surface.;AI;120;Claude
D3-14;Plate tectonics is the scientific theory that describes the movement of the Earth's lithosphere, which is divided into several large and small plates. These plates are composed of the Earth's crust and the upper mantle (lithosphere) and float on a semi-fluid layer of the mantle called the asthenosphere. The movement of these plates is driven by convection currents in the Earth's mantle, which are caused by heat from the Earth's core. As the plates move, they interact in various ways: when two plates collide, they can form mountain ranges like the Himalayas, when they move apart, rift valleys and mid-ocean ridges are created. Additionally, volcanic activity and earthquakes are common at plate boundaries. ;AI;113;DeepSeek
D3-15;Tectonic plates are relatively rigid and float across the ductile asthenosphere beneath. Lateral density variations in the mantle result in convection currents, the slow creeping motion of Earth's solid mantle. At a seafloor spreading ridge, plates move away from the ridge, and the newly formed crust cools as it moves away, increasing its density and contributing to the motion. At a subduction zone, the relatively cold, dense oceanic crust sinks down into the mantle, forming the downward convecting limb of a mantle cell, which is the strongest driver of plate motion. The relative importance and interaction of other proposed factors such as active convection, upwelling inside the mantle, and tidal drag of the Moon is still the subject of debate.;Human;120;Wikipedia
D3-16;At present, young oceanic lithosphere is positively buoyant, and it does not become negatively buoyant until it is older than about 20 m.y. If, in the past, the mantle was hotter, the oceanic crust would have been thicker and the lithosphere's age of neutral buoyancy greater. On the other hand, the hotter mantle would have had a lower viscosity and convected faster, so the average age of oceanic plates at subduction would have been less than the present 100 m.y. At some time in the past, average oceanic lithosphere would have only just become negatively buoyant as it reached a subduction zone.;Human;102;Paper
D3-17;Plate tectonics is the scientific theory that explains the movement of Earth’s lithospheric plates, which float on the semi-fluid asthenosphere beneath them. These plates constantly shift due to convection currents in the Earth’s mantle, leading to interactions at their boundaries. There are three main types of plate boundaries: divergent, where plates move apart (forming mid-ocean ridges), convergent, where they collide (creating mountains or subduction zones), and transform, where they slide past each other (causing earthquakes). Plate tectonics is responsible for earthquakes, volcanic activity, mountain formation, and continental drift. It also plays a crucial role in Earth’s climate regulation and geological evolution, shaping the planet’s surface over millions of years.;AI;109;GPT
D3-18;"Developed from the 1950s through the 1970s, plate tectonics is the modern version of continental drift, a theory first proposed by scientist Alfred Wegener in 1912. Wegener didn't have an explanation for how continents could move around the planet, but researchers do now. Plate tectonics is the unifying theory of geology, said Nicholas van der Elst, a seismologist at Columbia University's Lamont-Doherty Earth Observatory in Palisades, New York. ""Before plate tectonics, people had to come up with explanations of the geologic features in their region that were unique to that particular region,"" Van der Elst said. ""Plate tectonics unified all these descriptions and said that you should be able to describe all geologic features.""";Human;114;Quora
D3-19;Introductory textbooks contrast Lamarckism with Charles Darwin's theory of evolution by natural selection. However, Darwin's book On the Origin of Species gave credence to the idea of heritable effects of use and disuse, as Lamarck had done, and his own concept of pangenesis similarly implied soft inheritance. Many researchers from the 1860s onwards attempted to find evidence for Lamarckian inheritance, but these have all been explained away,[4][5] either by other mechanisms such as genetic contamination or as fraud. August Weismann's experiment, considered definitive in its time, is now considered to have failed to disprove Lamarckism, as it did not address use and disuse. Later, Mendelian genetics supplanted the notion of inheritance of acquired traits´.;Human;114;Wikipedia
D3-20;The first meaning of Lamarckism is the notion that acquired characters can or will be inherited. Jean Baptiste de Lamarck strongly promoted this idea, but it was not original to him.Footnote2 We discuss this notion of Lamarckism extensively below. A second strong theme in the writings of Lamarck, which he developed rather than originated, is the idea that evolution involves increasing complexity. Although later Lamarckians such as Herbert Spencer took up this idea, it has today grown beyond its Lamarckian associations, and is rarely associated specifically with the Lamarckian label. A third use of the Lamarckian label associates it with the emphasis on will, choice, anticipation, or volitional activity in the process of evolutionary change. ;Human;115;Paper
D3-21;Lamarck’s theory of evolution, proposed by Jean-Baptiste Lamarck in the early 19th century, suggested that organisms evolve through the inheritance of acquired characteristics. He believed that traits developed during an organism’s lifetime, due to use or disuse, could be passed on to offspring. For example, he theorized that giraffes developed long necks because they stretched to reach higher leaves, and this trait was inherited by their descendants. While his ideas were later disproven by modern genetics and Darwin’s theory of natural selection, Lamarck played a key role in early evolutionary thought. His work contributed to the understanding that species change over time, even though the mechanism he proposed was incorrect.;AI;110;GPT
D3-22;It remains to be seen whether or not epigenetics will actually have any significant impact as an evolutionary mechanism. The issue is that, so far, we have no evidence that epigenetic alterations can persist over evolutionarily relevant periods of time. The alterations in gene expression that occur in the offspring are wholly reversible, and while there are some examples where we see the changes linger over a handful of generations, most of the time they are erased by the time the affected offspring has its own offspring. Barring additional mutations (which is a Neo-Darwinian mechanism) there is no permanent alteration in the heritable information passed down to future generations in the long term.;Human;113;Quora
D3-23;Jean-Baptiste Lamarck's theory of evolution, proposed in the early 19th century, centers on two key principles: the law of use and disuse, and the inheritance of acquired characteristics. Lamarck suggested that organisms develop traits based on their needs, with frequently used body parts becoming stronger and enlarged, while unused parts atrophy. Crucially, he claimed these acquired modifications could be passed to offspring. His classic example described giraffes stretching to reach high leaves, gradually elongating their necks over generations. Lamarck also proposed that all organisms have an inherent drive toward increasing complexity. Though largely discredited by modern genetics—which shows acquired physical changes don't alter heritable DNA—his work represented an important early attempt to explain species adaptation and diversity.;AI;117;Claude
D3-24;Jean-Baptiste Lamarck's theory of evolution, developed in the early 19th century, proposed that organisms can acquire traits during their lifetimes through the use or disuse of body parts, and these traits can be inherited by their offspring. Lamarck's theory emphasized two main ideas: the use and disuse of organs and the inheritance of acquired characteristics. Use and Disuse: Lamarck suggested that frequent use of certain body parts leads to their development and strengthening, while parts that are rarely used atrophy. For example, he might argue that giraffes developed longer necks by repeatedly stretching to reach higher foliage, and these elongated necks were then passed on to their offspring.;AI;108;DeepSeek
D3-25;Michaelis-Menten kinetics is a fundamental model in biochemistry that describes how the rate of an enzyme-catalyzed reaction changes with the concentration of its substrate. This model, developed by Leonor Michaelis and Maud Menten, helps us understand the relationship between an enzyme's activity and the amount of substrate available. At low substrate concentrations, the reaction rate increases as more substrate becomes available, allowing the enzyme to become more active. However, as the substrate concentration continues to increase, the enzyme becomes fully occupied, reaching a point where the reaction rate no longer increases—this is known as the maximum reaction rate, or Vmax.;AI;100;DeepSeek
D3-26;The equation commonly called the Michaelis–Menten equation is sometimes attributed to other authors. However, although Victor Henri had derived the equation from the correct mechanism, and Adrian Brown before him had proposed the idea of enzyme saturation, it was Leonor Michaelis and Maud Menten who showed that this mechanism could also be deduced on the basis of an experimental approach that paid proper attention to pH and spontaneous changes in the product after formation in the enzyme-catalysed reaction. By using initial rates of reaction they avoided the complications due to substrate depletion, product accumulation and progressive inactivation of the enzyme that had made attempts to analyse complete time courses very difficult.;Human;111;Paper
D3-27;A system in a steady state condition is ordinarily one in which there is a continuous flow of matter and energy through it but where none of the rates or concentrations change with time. That is never the case in a typical enzyme kinetics experiment where you start with a solution of enzyme, substrate, and buffer and the reaction continues with steadily changing reaction rate, substrate concentration, and product concentration until it reaches an equilibrium and there is no longer any net reaction. That equilibrium is a very special case of steady state. However inside a cell there may be situations that persist for a while where, for example, a constant input of glucose transported into the cell. ;Human;118;Quora
D3-28;Michaelis-Menten kinetics, developed by Leonor Michaelis and Maud Menten in 1913, describes the rate of enzyme-catalyzed reactions involving single substrate transformation into products. The model mathematically relates reaction velocity to substrate concentration through a hyperbolic curve characterized by two key parameters: the maximum reaction rate (Vmax) when all enzyme is saturated, and the Michaelis constant (KM), which equals the substrate concentration at half-maximum velocity. This relationship is expressed by the equation: v = (Vmax[S])/(KM + [S]), where v is reaction velocity and [S] is substrate concentration At low substrate concentrations, the reaction is first-order with respect to substrate, while at high concentrations, it approaches zero-order kinetics as the enzyme becomes saturated.;AI;111;Claude
D3-29;Michaelis-Menten enzyme kinetics describes how enzymes catalyze reactions by forming an enzyme-substrate complex. It explains the relationship between substrate concentration and reaction rate using the Michaelis-Menten equation: V = V_max [S]/{K_m + [S]), where V is the reaction rate, Vₘₐₓ is the maximum velocity, [S] is the substrate concentration, and Kₘ (Michaelis constant) represents the substrate concentration at half Vₘₐₓ. A low Kₘ indicates high enzyme affinity for the substrate, while a high Kₘ suggests lower affinity. This model assumes steady-state conditions and is fundamental in understanding enzyme efficiency, inhibition, and drug design. However, it applies mainly to simple, single-substrate reactions and does not account for complex enzyme behaviors.;AI;109;GPT
D3-30;Enzyme kinetics is the study of the rates of enzyme-catalysed chemical reactions. In enzyme kinetics, the reaction rate is measured and the effects of varying the conditions of the reaction are investigated. Studying an enzyme's kinetics in this way can reveal the catalytic mechanism of this enzyme, its role in metabolism, how its activity is controlled, and how a drug or a modifier (inhibitor or activator) might affect the rate. An enzyme (E) is a protein molecule that serves as a biological catalyst to facilitate and accelerate a chemical reaction in the body. It does this through binding of another molecule, its substrate (S), which the enzyme acts upon to form the desired product.;Human;114;Wikipedia
D3-31;The potential for an H5N1 pandemic is a significant public health concern, though currently, the risk is relatively low. H5N1 is a subtype of the Influenza A virus primarily found in birds, with occasional transmission to humans. Its high mortality rate among infected individuals underscores the concern, but the virus's limited human-to-human transmissibility has thus far prevented pandemic spread. Key considerations include: Mutation Potential: The virus could mutate to become more contagious, increasing the risk of a pandemic. This underscores the importance of continuous surveillance to detect such mutations early. Preventive Measures: Global health organizations are working on vaccines and medications to control outbreaks. These efforts must be supported with robust infrastructure to ensure equitable distribution, especially in resource-limited regions.;AI;120;DeepSeek
D3-32;The H5N1 virus is a highly pathogenic strain of avian influenza (bird flu) that primarily affects birds but can infect humans and other animals. It was first detected in geese in China in 1996 and has since caused outbreaks in poultry worldwide. Human infections are rare but can be severe, with a high fatality rate, often due to respiratory complications. Transmission occurs mainly through direct contact with infected birds or contaminated environments, but human-to-human spread is very limited. Symptoms include fever, cough, sore throat, and severe pneumonia. Due to its potential to mutate and cause a pandemic, H5N1 is closely monitored by health organizations, and vaccines are being developed to counter its threat.;AI;113;GPT
D3-33;Ongoing outbreaks of H5N1 avian influenza in migratory waterfowl, domestic poultry, and humans in Asia during the summer of 2005 present a continuing, protean pandemic threat. We review the zoonotic source of highly pathogenic H5N1 viruses and their genesis from their natural reservoirs. The acquisition of novel traits, including lethality to waterfowl, ferrets, felids, and humans, indicates an expanding host range. The natural selection of nonpathogenic viruses from heterogeneous subpopulations cocirculating in ducks contributes to the spread of H5N1 in Asia. Transmission of highly pathogenic H5N1 from domestic poultry back to migratory waterfowl in western China has increased the geographic spread. The spread of H5N1 and its likely reintroduction to domestic poultry increase the need for good agricultural vaccines.;Human;119;Paper
D3-34;"Since 2020, outbreaks of avian influenza subtype H5N1 have been occurring, with cases reported from every continent except Australia as of February 2025. Some species of wild aquatic birds act as natural asymptomatic carriers of a large variety of influenza A viruses, which can infect poultry, other bird species, mammals (including humans) if they come into close contact with infected feces or contaminated material, or by eating infected birds. In late 2023, H5N1 was discovered in the Antarctic for the first time, raising fears of imminent spread throughout the region, potentially leading to a ""catastrophic breeding failure"" among animals that had not previously been exposed to avian influenza viruses.";Human;109;Wikipedia
D3-35;H5N1 is a highly pathogenic avian influenza virus that has been affecting numerous wild and domestic bird species worldwide over past decades. Since 1996, it has circulated in at least 23 countries, spreading from Europe to North America in late 2021 and to South America in 2022, where it devastated bird populations and marine mammals. The situation has become more concerning recently with H5N1 adapting to new mammalian hosts There have been several concerning reports in 2024 including the first H5N1-related human death in the United States, reported by the Louisiana Department of Health in 2025. Scientists consider H5N1 a strong contender to cause the next human influenza pandemic. The primary concern is the virus's ongoing adaptation to mammals.;AI;119;Claude
D3-36;"Asian HPAI H5N1 was first detected in humans in 1997 during a poultry outbreak in Hong Kong and has since been detected in poultry and wild birds in more than 50 countries in Africa, Asia, Europe, and the Middle East. H5N1 is a type of influenza virus called avian influenza (or ""bird flu""). Human cases of avian influenza occur occasionally, viruses infect the respiratory tract of humans, causing severe illness (e.g. pneumonia and respiratory failure) and death in some people. Asian flu is most often contracted by contact with sick birds. It can also be passed from person to person. Symptoms begin within two to eight days, and can seem like the common flu.";Human;114;Quora
D3-37;An anticyclone is a weather system characterized by high atmospheric pressure at its center, causing air to descend and spread outward. This descending air inhibits cloud formation, leading to clear skies and stable weather conditions. In the Northern Hemisphere, anticyclones rotate clockwise, while in the Southern Hemisphere, they rotate counterclockwise, due to the Coriolis effect. They often bring dry, calm, and sunny weather, but in winter, they can cause cold temperatures and fog. Anticyclones can last for days or even weeks, influencing regional climates by blocking storm systems. These systems contrast with cyclones, which involve low pressure and rising air, often leading to storms and heavy precipitation.;AI;107;GPT
D3-38;High-pressure areas form due to downward motion through the troposphere, the atmospheric layer where weather occurs. Preferred areas within a synoptic flow pattern in higher levels of the troposphere are beneath the western side of troughs. On weather maps, these areas show converging winds (isotachs), also known as convergence, near or above the level of non-divergence, which is near the 500 hPa pressure surface about midway up through the troposphere, and about half the atmospheric pressure at the surface. High pressure systems are also called anticyclones. On English-language weather maps, high-pressure centers are identified by the letter H in English, within the isobar with the highest pressure value.;Human;108;Wikipedia
D3-39;Cyclones are typically regions of bad weather, anticyclones are usually meteorologically quiet and calm regions. Anticyclones are downward air motions and provide dry stable air that may extend horizontally over a location. It affects the weather pattern as anticyclonic circulation is opposed to the Earth's rotation. Winds, generally light, circulate the high-pressure center in a clockwise direction in the Northern Hemisphere and anticlockwise in the Southern Hemisphere. Air at the center of an anticyclone is moved away from the high pressure and is replaced in the center by a downward draft of air from higher altitudes. As this air moves downward, it is compressed and warmed, resulting in few clouds and low humidity in the anticyclone.;Human;116;Quora
D3-40;An anticyclone is a weather system characterized by a region of high atmospheric pressure relative to the surrounding areas. In weather maps, anticyclones are denoted by 'H' and represent areas where air is sinking, which results in dry and stable conditions. This sinking air warms and compresses, leading to clear skies and often calm weather. Wind patterns around an anticyclone blow clockwise in the Northern Hemisphere and counterclockwise in the Southern Hemisphere due to the Earth's rotation, a phenomenon known as the Coriolis effect. Anticyclones typically bring sunny, dry weather, making them associated with good conditions. However, they can occasionally result in fog or smog, especially in areas with poor air circulation, as the stable air layer traps pollutants.;AI;119;DeepSeek
D3-41;Polyphenols are a group of naturally occurring compounds found in plants. They are characterized by their chemical structure and have been recognized for their potential health benefits. Polyphenols act as antioxidants, meaning they can help protect cells from damage caused by free radicals. Polyphenols have gained significant attention due to their potential antioxidant and anti-inflammatory effects. They can act as antioxidants by scavenging and neutralizing harmful free radicals in the body, thereby protecting cells from oxidative damage. Polyphenols are found in a wide variety of plant-based foods, including: Fruits: Berries (such as blueberries, strawberries, raspberries, and blackberries), cherries, grapes, apples, pears, citrus fruits (such as oranges, lemons, and grapefruits), pomegranates, and avocados.;Human;112;Quora
D3-42;The anthocyanins present in blackberries and raspberries are important for the beneficial health effects associated with their antioxidant, anti-inflammatory, and chemopreventative properties, the biological activity of black raspberry against esophageal, colon, and oral cancers has been demonstrated. It has long been established that cyanidin-3-glucoside and cyanidin-3-rutinoside are the respective major and minor anthocyanins in blackberries (Fan-Chiang and Wrolstad, 2005). It is also known that cyanidin-3-sambubioside, cyanidin-3-glucoside, cyanidin-3-xylosylrutinoside and cyanidin-3-rutinoside are commonly found in black raspberries. In addition to anthocyanins, these fruits are also a rich natural source of other chemopreventative phytochemicals such as flavonols, phenolic acids, ellagic acid, vitamins C and E, folic acid and β-sitosterol.;Human;106;Paper
D3-43;Anthocyanins are natural pigments responsible for the vibrant red, blue, and purple hues in many fruits, vegetables, and flowers. As potent antioxidants, they play a crucial role in protecting the body from oxidative stress, which is associated with various chronic diseases. Found abundantly in berries, grapes, and certain vegetables, anthocyanins have been studied for their potential in reducing inflammation, enhancing heart health, and potentially offering protection against cancer. Their anti-inflammatory and antioxidant properties make them a focal point in both nutrition and medical research, highlighting their significant role in promoting overall health and preventing chronic conditions. Incorporating anthocyanin-rich foods into the diet may provide substantial health benefits, contributing to well-being and longevity.;AI;112;DeepSeek
D3-44;Anthocyanins are found in the cell vacuole, mostly in flowers and fruits, but also in leaves, stems, and roots. In these parts, they are found predominantly in outer cell layers such as the epidermis and peripheral mesophyll cells. Most frequently occurring in nature are the glycosides of cyanidin, delphinidin, malvidin, pelargonidin, peonidin, and petunidin. Roughly 2% of all hydrocarbons fixed in photosynthesis are converted into flavonoids and their derivatives, such as the anthocyanins. Not all land plants contain anthocyanin, in the Caryophyllales (including cactus, beets, and amaranth), they are replaced by betalains. Anthocyanins and betalains have never been found in the same plant.;Human;103;Wikipedia
D3-45;Anthocyanins are pigments belonging to the flavonoid family, responsible for the red, purple, and blue colors in many fruits, vegetables, and flowers. Found in berries, grapes, red cabbage, and black rice, they serve as antioxidants, helping to neutralize free radicals and reduce oxidative stress. Studies suggest anthocyanins may have potential health benefits, including anti-inflammatory, cardiovascular, neuroprotective, and anti-cancer properties. They may also support eye health, improve cognitive function, and help regulate blood sugar levels. Additionally, their natural pigmentation makes them useful as natural food colorants. Ongoing research explores their role in disease prevention and their potential applications in functional foods and pharmaceuticals.;AI;102;GPT
D3-46;Anthocyanins are water-soluble plant pigments belonging to the flavonoid family that create the vivid red, purple, and blue colors in fruits, vegetables, and flowers. Abundant in berries, grapes, red cabbage, and purple sweet potatoes, these compounds represent one of nature's most powerful antioxidant classes. Research indicates significant health-promoting potential, including anti-inflammatory, cardioprotective, and neuroprotective properties. Studies suggest anthocyanins may help manage diabetes by improving insulin sensitivity, reduce cancer risk through multiple mechanisms, and support vision health. Their pH-sensitive color-changing properties make them valuable as natural food colorants and pH indicators in various applications. The food industry increasingly uses anthocyanin-rich extracts as alternatives to synthetic dyes, while researchers continue exploring their pharmaceutical potential in preventing chronic diseases.;AI;116;Claude
D3-47;The evolutionary mechanisms that lead to codon reassignment and emergence of deviant codes are not thoroughly understood, but clearly they must involve changes in tRNA specificity or to the evolution of new specificities in the case of stop codon recruitment. Sengupta, Higgs, and coworkers  have captured these mechanisms within a gain and loss framework, where gain refers to acquisition of a new tRNA specificity, often following duplication of a tRNA gene, and loss refers to the elimination of a tRNA specificity, typically via deletion. There is no clear evidence that any modern code variants are associated with adaptation. Most likely, they emerge via neutral evolutionary processes, namely genetic drift and mutational pressure that drives small genomes toward low GC content.;Human;120;Paper
D3-48;The origin of the genetic code remains a fundamental question in evolutionary biology. It is believed to have emerged in early RNA-based life forms before the evolution of DNA and proteins. One theory suggests that the first genetic molecules were self-replicating RNA strands, which could both store information and catalyze chemical reactions. Over time, specific nucleotide sequences began coding for amino acids, leading to the formation of simple peptides. As natural selection favored more efficient protein synthesis, the code evolved into a triplet system to accommodate 20 amino acids. The universality of the genetic code suggests a common ancestor for all life, shaped by early biochemical constraints and evolutionary pressures.;AI;110;GPT
D3-49;"Within cells, genetic information is stored in DNA molecules and RNA molecules. These molecules are made up of building blocks called nucleotides that are linked together in a chain. There are 4 kinds of nucleotide, with names beginning with letters A,C, T, and G. Messenger RNA is transcribed from sequences in the DNA called genes. Proteins are a different kind of molecule that is made of 20 different kinds of amino acid building blocks.
There is a molecular machine called a ribosome that uses a program consisting of a messenger RNA molecule. Sequences of 3 nucleotides encode one amino acid for that the ribosome puts together to make the protein. ";Human;109;Quora
D3-50;The emergence of the genetic code remains one of biology's greatest mysteries. The leading theory—the RNA world hypothesis—suggests that RNA initially served both as genetic material and catalyst before DNA and proteins evolved. Early protocells likely used simple nucleotide systems that gradually developed into more complex coding mechanisms. The modern code likely evolved through a process of chemical constraints, frozen accidents, and natural selection. Selection pressures would have favored error minimization, with similar amino acids often assigned to similar codons. The code's near-universality across all life forms suggests it emerged only once, about 3.5-4 billion years ago. Later refinements optimized the system, balancing robustness against mutations with translation efficiency.;AI;109;Claude
D3-51;We have no idea. The building blocks of life as we know it are chemicals called amino acids. We know that they can form naturally, in lightning strikes and other energetic phenomena. But how did we get from amino acids to RNA, the fundamental unit of advanced life, is a complete mystery. How many times did that happen independently? Once? A zillion times? We don't know because we have no idea what the mechanism is. Some people argue that it happened so rapidly on Earth, that the probability must be high. Therefore, there must be abundant life near other stars.;Human;100;Quora
D3-52;Microbial mats of coexisting bacteria and archaea were the dominant form of life in the early Archean eon, and many of the major steps in early evolution are thought to have taken place in this environment. The evolution of photosynthesis by cyanobacteria, around 3.5 Ga, eventually led to a buildup of its waste product, oxygen, in the oceans. After free oxygen saturated all available reductant substances on the Earth's surface, it built up in the atmosphere, leading to the Great Oxygenation Event around 2.4 Ga. The earliest evidence of eukaryotes (complex cells with organelles) dates from 1.85 Ga, likely due to symbiogenesis between anaerobic archaea and aerobic proteobacteria in co-adaptation against the new oxidative stress.;Human;115;Wikipedia
D3-53;The origin of life on Earth remains a complex and debated topic, but most scientific theories suggest it began around 3.5 to 4 billion years ago. The primordial soup hypothesis proposes that organic molecules formed in Earth’s early atmosphere through chemical reactions, possibly triggered by lightning or volcanic activity. These molecules eventually led to the formation of self-replicating systems, such as RNA, which could store genetic information and catalyze reactions. Another theory, hydrothermal vent theory, suggests life may have originated in deep-sea vents, where mineral-rich water provided the necessary conditions for early biochemical reactions. Some scientists also consider the panspermia hypothesis, which proposes that life’s building blocks came from space via comets or meteorites.;AI;114;GPT
D3-54;Estimates of the time at which life arose on Earth make use of two types of evidence. First, astrophysical and geophysical studies provide a timescale for the formation of Earth and the Moon, for large impact events on early Earth, and for the cooling of the early magma ocean. From this evidence, we can deduce a habitability boundary, which is the earliest point at which Earth became habitable. Second, biosignatures in geological samples, including microfossils, stromatolites, and chemical isotope ratios, provide evidence for when life was actually present. From these observations we can deduce a biosignature boundary, which is the earliest point at which there is clear evidence that life existed.;Human;111;Paper
D3-55;"Life on Earth emerged roughly 3.8-4 billion years ago through a process still not fully understood by scientists. The prevailing theory suggests that in Earth's early oceans, simple organic molecules formed from reactions between water, atmospheric gases, and energy sources like lightning or UV radiation—as demonstrated in the Miller-Urey experiment. These molecules gradually combined into more complex structures, potentially forming RNA (ribonucleic acid) molecules capable of both storing information and catalyzing reactions. This ""RNA world"" hypothesis proposes that RNA preceded DNA and proteins in early life forms. Eventually, these molecules became enclosed within primitive membranes, creating protocells that could maintain internal chemistry distinct from their surroundings. ";AI;106;Claude
D3-56;The origin of life on Earth is a captivating and intricate process that involves the transformation of non-living matter into living organisms. It is believed that life began through a series of chemical reactions that formed the building blocks of life, such as amino acids, under conditions similar to those on the early Earth. The early atmosphere, composed of gases like methane, ammonia, and water vapor, provided the necessary environment for these reactions to occur. In the Miller-Urey experiment, scientists recreated these early conditions by subjecting a mixture of gases to electrical sparks, resulting in the formation of amino acids.;AI;100;DeepSeek
D3-57;Black holes form primarily through the death of massive stars. When a star with mass at least 20 times that of our sun exhausts its nuclear fuel, the outward pressure that counterbalanced gravity disappears. The star's core collapses catastrophically under its own weight, triggering a supernova explosion that blasts away outer layers while the core continues imploding. If the remaining core exceeds about 3 solar masses, gravity overwhelms all forces, compressing matter to infinite density at a central point called a singularity. Around this forms the event horizon—a boundary beyond which nothing, not even light, can escape. Alternatively, supermassive black holes at galactic centers likely formed during early universe evolution through mergers of smaller black holes.;AI;116;Claude
D3-58;Black holes are formed when a massive star runs out of fuel and its core collapses, creating a singularity - a point of infinite density and zero volume. The gravitational pull of a black hole is so strong that it can distort the fabric of space-time itself. Black holes are invisible to the naked eye, but their presence can be detected by their effects on nearby matter, such as stars and gas clouds, which can be pulled in and accelerated to high speeds as they spiral towards the event horizon. The study of black holes has led to some of the most profound discoveries in astrophysics and our understanding of the universe.;Human;112;Quora
D3-59;Black holes form when massive stars collapse under their own gravity at the end of their life cycle. During a star’s lifetime, nuclear fusion generates outward pressure, balancing the inward pull of gravity. When a massive star exhausts its nuclear fuel, fusion stops, and the core collapses. If the star is large enough, typically over three times the Sun’s mass, the collapse continues beyond the neutron star stage, forming a singularity—a point of infinite density. The surrounding region becomes a black hole, with gravity so strong that not even light can escape. Some black holes also form through the merging of neutron stars or from the collapse of dense matter in the early universe.;AI;114;GPT
D3-60;"Black holes primarily form from the collapse of massive stars. When a star exhausts its nuclear fuel, it can no longer support itself against gravity, leading to a supernova explosion. If the remaining core exceeds the Tolman-Oppenheimer-Volkoff limit (approximately 2-3 solar masses), it collapses into a black hole. This extreme mass concentration creates an event horizon, beyond which nothing escapes. Supermassive black holes, found at galactic centers, likely grow through accretion of matter or mergers of smaller black holes. Additionally, some theories propose that black holes could form directly from collapsing gas clouds in the early universe. Thus, black holes originate from stellar collapse, with their formation driven by mass limits and gravitational forces.
";AI;114;DeepSeek
D3-61;Bridging the gap between the approximately ten solar mass ‘stellar mass’ black holes and the ‘supermassive’ black holes of millions to billions of solar masses are the elusive ‘intermediate-mass’ black holes. Their discovery is key to understanding whether supermassive black holes can grow from stellar-mass black holes or whether a more exotic process accelerated their growth soon after the Big Bang. Currently, tentative evidence suggests that the progenitors of supermassive black holes were formed as ∼104–105 M black holes via the direct collapse of gas. Ongoing searches for intermediate-mass black holes at galaxy centres will help shed light on this formation mechanism.;Human;101;Paper
D3-62;Objects whose gravitational fields are too strong for light to escape were first considered in the 18th century by John Michell and Pierre-Simon Laplace. In 1916, Karl Schwarzschild found the first modern solution of general relativity that would characterise a black hole. Due to his influential research, the Schwarzschild metric is named after him. David Finkelstein, in 1958, first published the interpretation of black hole as a region of space from which nothing can escape. Black holes were long considered a mathematical curiosity, it was not until the 1960s that theoretical work showed they were a generic prediction of general relativity. ;Human;101;Wikipedia
D3-63;Zebrafish have become a crucial model organism in biological and medical research due to their genetic similarity to humans and unique experimental advantages. Their embryos are transparent, allowing real-time observation of developmental processes, and they develop rapidly, with major organs forming within 24 hours. Zebrafish share about 70% of human genes, making them valuable for studying genetics, embryology, and disease mechanisms. They are widely used in research on neurological disorders, cardiovascular diseases, cancer, and drug development. Additionally, their ability to regenerate tissues, including heart and spinal cord, provides insights into regenerative medicine. Their low cost, high reproductive rate, and ease of genetic manipulation further enhance their importance in scientific research.;AI;110;GPT
D3-64;Zebrafish (Danio rerio) have emerged as invaluable model organisms in biomedical research due to their unique combination of attributes. Their transparent embryos develop rapidly outside the mother, allowing scientists to observe developmental processes in real time. Sharing approximately 70% genetic similarity with humans, zebrafish provide insights into human diseases and development while being easier and less expensive to maintain than mammalian models. Their high fecundity—producing hundreds of embryos weekly—facilitates large-scale genetic screens and drug testing. Zebrafish have proven particularly valuable in neuroscience, cancer biology, toxicology, and regenerative medicine studies, as they can regenerate various tissues including heart, fins, and retina.;AI;100;Claude
D3-65;The zebrafish is named for the five uniform, pigmented, horizontal, blue stripes on the side of the body, which are reminiscent of a zebra's stripes, and which extend to the end of the caudal fin. Its shape is fusiform and laterally compressed, with its mouth directed upwards. The male is torpedo-shaped, with gold stripes between the blue stripes, the female has a larger, whitish belly and silver stripes instead of gold. Adult females exhibit a small genital papilla in front of the anal fin origin. The zebrafish can reach up to 4–5 cm (1.6–2.0 in) in length, although they typically are 1.8–3.7 cm (0.7–1.5 in) in the wild with some variations depending on location.;Human;114;Wikipedia
D3-66;The zebrafish is a small freshwater fish, a cyprinoid teleost, that originated in rivers in India and is common as an aquarium fish throughout the world. They are easy to maintain in aquariums, almost as easy as guppies. These striped fish can be found as graceful swimmers in virtually every pet store. The zebrafish used for the first classic screen actually originated in a Tuebingen pet store. Laboratory methods for its husbandry are well established .Its emergence as a model organism for modern biological investigation began with the pioneering work of George Streisinger and colleagues, who recognized many of the virtues of the experimental system. ;Human;105;Paper
D3-67;Zebrafish have become a crucial model organism in scientific research due to several unique advantages. Their transparency during early development allows researchers to easily observe organ formation and developmental processes, making them invaluable for studies in embryology and genetics. The rapid reproduction rate of zebrafish enables the study of multiple generations in a short timeframe, facilitating genetic studies and understanding intergenerational effects. Their genome shares significant similarities with the human genome, enhancing the relevance of findings for human health. Additionally, zebrafish are widely used in toxicity studies and drug screening due to their quick development and ability to respond to chemical exposure.;AI;102;DeepSeek
D3-68;Depends what field of research you are working in. For molecular biology, genetics, developmental biology, and some cancers, zebrafish is an excellent model organism. The reasons I say this is that for a field like genetics, where numbers matter a lot, they are really good since the female zebrafish can lay about 100-150 eggs at a time and can be ready for the next round of breeding in a week. So, obtaining a large sample size is really easy. Also, it takes only 2.5 months for a zebrafish to attain puberty and start breeding, thus allowing lesser wait times for the organism to grow.;Human;104;Quora
D3-69;Alzheimer's disease treatments currently focus on symptom management and slowing progression. Traditional medications include cholinesterase inhibitors (donepezil, rivastigmine, galantamine) that boost neurotransmitters to improve memory and cognition, and memantine which regulates glutamate activity in the brain. Recent breakthroughs include FDA-approved monoclonal antibodies like lecanemab (Leqembi) and donanemab that target and reduce amyloid plaques. These represent the first disease-modifying therapies, though they're generally limited to early-stage patients and carry risks including brain swelling. Non-pharmacological approaches remain crucial, including cognitive stimulation, physical exercise, structured routines, and caregiver support. Nutritional interventions, particularly Mediterranean-style diets, show promise in risk reduction. While these treatments can't reverse damage, they may temporarily stabilize symptoms or slow decline. ;AI;110;Claude
D3-70;For someone with advanced stage dementia, the treatment is basically to tend to their body. By the time someone’s dementia is advanced, there is no treatment that will roll back the clock. No one would want the time they spend in advanced dementia to be prolonged. If the person was a dog, we would put them out of their misery. But they are people, so we can’t do that. We try to tempt them with yummy food. They need to eat to keep going. When they start refusing food, they may have pain, or they may be approaching death. It is very important to try to treat the pain.;Human;109;Quora
D3-71;"Alzheimer's disease is a progressive neurological disorder that affects memory, thinking, and behavior. While there is currently no cure, various treatments and approaches can help manage symptoms and improve quality of life. Medications: Cholinesterase inhibitors, such as donepezil, and memantine are commonly prescribed. These medications aim to improve cognitive function by affecting neurotransmitters in the brain. However, they do not halt the disease's progression. Lifestyle Factors: A healthy diet, such as the Mediterranean diet, rich in fruits, vegetables, and healthy fats, is recommended for its potential benefits to brain health.
Regular physical activity is encouraged to maintain cognitive function and overall well-being.";AI;101;DeepSeek
D3-72;The current pharmacological approach to AD treatment is based on vascular prevention and symptomatic therapy with cholinesterase inhibitors (ChEIs) and memantine, an N-methyl-d-aspartic acid antagonist. Clinical trials of 6– to 12–month duration have shown statistically significant benefits with ChEIs and memantine on cognitive, global, functional, and behavioural outcome measures. In general, these benefits are modest. However, they are dose-dependent and reproducible across studies. Most importantly, these benefits are symptomatic as they do not alter disease course. According to the third Canadian Consensus Conference on the Diagnosis and Treatment of Dementia, these agents are considered standard treatment options in Alzheimer disease.;Human;100;Paper
D3-73;In people with either type of dementia, rivastigmine has been shown to provide meaningful symptomatic effects that may allow patients to remain independent and ‘be themselves’ for longer. In particular, it appears to show marked treatment effects in patients showing a more aggressive course of disease, such as those with younger onset ages, poor nutritional status, or those experiencing symptoms such as delusions or hallucinations. For example, the presence of hallucinations appears to be a predictor of especially strong responses to rivastigmine, both in Alzheimer's and Parkinson's patients. These effects might reflect the additional inhibition of butyrylcholinesterase, which is implicated in symptom progression and might provide added benefits over acetylcholinesterase-selective drugs in some patients.;Human;114;Wikipedia
D3-74;Alzheimer’s disease currently has no cure, but treatments focus on managing symptoms and slowing progression. Medications like cholinesterase inhibitors (donepezil, rivastigmine, and galantamine) help maintain communication between nerve cells by boosting acetylcholine levels, while memantine regulates glutamate activity to improve memory and learning. Recently, disease-modifying drugs such as lecanemab and aducanumab have been approved to target amyloid plaques, a hallmark of Alzheimer’s. Lifestyle interventions, including exercise, cognitive stimulation, and a healthy diet, may help slow cognitive decline. Supportive care, behavioral therapy, and caregiver support are essential for maintaining quality of life. Ongoing research aims to develop more effective treatments targeting the underlying causes of the disease.;AI;106;GPT
D3-75;Alzheimer's disease is the commonest cause of dementia affecting older people. One of the therapeutic strategies aimed at ameliorating the clinical manifestations of Alzheimer's disease is to enhance cholinergic neurotransmission in the brain by the use of cholinesterase inhibitors to delay the breakdown of acetylcholine released into synaptic clefts. Tacrine, the first of the cholinesterase inhibitors to undergo extensive trials for this purpose, was associated with significant adverse effects including hepatotoxicity. Other cholinesterase inhibitors, including rivastigmine, with superior properties in terms of specificity of action and lower risk of adverse effects have since been introduced. Rivastigmine has received approval for use in 60 countries including all member states of the European Union and the USA.;Human;115;Paper
D3-76;Rivastigmine is a cholinesterase inhibitor used to treat Alzheimer’s disease and Parkinson’s disease dementia by preventing the breakdown of acetylcholine, a neurotransmitter important for memory and cognitive function. By increasing acetylcholine levels, rivastigmine helps improve or stabilize symptoms such as memory loss, confusion, and difficulty thinking. It is available in oral capsules, liquid solutions, and transdermal patches, with the latter offering a steady drug release and fewer gastrointestinal side effects. While it does not cure Alzheimer’s, it can temporarily slow cognitive decline in some patients. Side effects may include nausea, vomiting, dizziness, and weight loss, and its use should be monitored, particularly in elderly patients with other health conditions.;AI;109;GPT
D3-77;The reality about the places that diamonds are found is that our planet might host enormous quantities of diamonds below its rocky surface. However, it is only the diamonds that are found at the surface of the earth that are commercially interesting for us. The rarity of diamonds derives mostly from a combination of the unique conditions beneath cratons that allow diamonds to survive on their journey to the surface, and also the violent means by which they travel. To put rarity of diamonds, their formation and challenges for mining them into perspective, we need to address that diamonds arrive at the surface of the earth through volcanic eruptions that bring high-pressure magma from the lower layers of the earth.;Human;120;Quora
D3-78;Geothermobarometric calculations for a worldwide database of inclusions in diamond indicate that formation of the dominant harzburgitic diamond association occurred predominantly (90%) under subsolidus conditions. Diamonds in eclogitic and lherzolitic lithologies grew in the presence of a melt, unless their formation is related to strongly reducing CHO fluids that would increase the solidus temperature or occurred at pressure–temperature conditions below about 5 GPa and 1050 °C. Three quarters of peridotitic garnet inclusions in diamond classify as “depleted” due to their low Y and Zr contents but, based on LREEN–HREEN ratios invariably near or greater than one, they nevertheless reflect re-enrichment through either highly fractionated fluids or small amounts of melt.;Human;110;Paper
D3-79;Diamonds are formed deep within the Earth’s mantle under extreme heat and pressure, typically at depths of 140 to 250 kilometers. They originate from carbon atoms that undergo crystallization due to temperatures exceeding 1,000°C and pressures above 45 gigapascals. Over millions to billions of years, these carbon atoms arrange into a strong lattice structure, giving diamonds their exceptional hardness. Volcanic eruptions then bring them closer to the surface through kimberlite and lamproite pipes. Diamonds can also form through high-pressure meteorite impacts or be created synthetically using high-pressure high-temperature (HPHT) or chemical vapor deposition (CVD) methods, which replicate natural processes to produce gem-quality diamonds in laboratories.;AI;105;GPT
D3-80;Diamond is a solid form of the element carbon with its atoms arranged in a crystal structure called diamond cubic. Diamond as a form of carbon is tasteless, odourless, strong, brittle solid, colourless in pure form, a poor conductor of electricity, and insoluble in water. Another solid form of carbon known as graphite is the chemically stable form of carbon at room temperature and pressure, but diamond is metastable and converts to it at a negligible rate under those conditions. Diamond has the highest hardness and thermal conductivity of any natural material, properties that are used in major industrial applications such as cutting and polishing tools.;Human;106;Wikipedia
D3-81;Diamonds are formed deep within the Earth under extreme conditions of high pressure and temperature. These precious gemstones originate from carbon atoms located about 150 to 200 kilometers beneath the Earth's surface, within the mantle. The intense pressure and heat cause the carbon atoms to bond in a strong, crystalline structure, giving diamonds their exceptional hardness. The carbon-rich source material, often from ancient rocks and sediments, is subjected to tectonic forces, pushing it into the mantle. Over millions or even billions of years, these conditions transform the carbon into diamonds. This process is rare and slow, contributing to the gemstone's scarcity.;AI;101;Claude
D3-82;Diamonds form deep within Earth's mantle, approximately 150-200 kilometers beneath the surface, where temperatures reach 1000-1300°C and pressure exceeds 45-60 kilobars—conditions that transform carbon into its crystalline diamond structure. This carbon typically comes from ancient organic material in subducted oceanic crust. Most natural diamonds formed 1-3 billion years ago, requiring this extreme environment sustained over millions of years to grow. Diamond-bearing magma later erupts through volcanic pipes called kimberlites or lamproites, rapidly bringing diamonds to the surface. Without this quick transport, diamonds would convert back to graphite at lower pressures. Less commonly, diamonds form during meteorite impacts, where the sudden shock provides necessary pressure, or in subduction zones where tectonic plates collide.;AI;112;DeepSeek
D3-83;X-ray diffraction (XRD) is a powerful nondestructive technique for characterizing crystalline materials. It provides information on structures, phases, preferred crystal orientations (texture), and other structural parameters, such as average grain size, crystallinity, strain, and crystal defects. X-ray diffraction peaks are produced by constructive interference of a monochromatic beam of X-rays scattered at specific angles from each set of lattice planes in a sample. The peak intensities are determined by the distribution of atoms within the lattice. Consequently, the X-ray diffraction pattern is the fingerprint of periodic atomic arrangements in a given material. Max von Laue and Co., in 1912, discovered that crystalline substances act as three-dimensional diffraction gratings for X-ray wavelengths similar to the spacing of planes in a crystal.;Human;120;Paper
D3-84;X-ray diffraction is a powerful analytical technique that reveals the atomic and molecular structure of crystalline materials. When X-rays—electromagnetic waves with wavelengths similar to atomic spacing—strike a crystalline sample, they interact with the electron clouds of atoms arranged in regular patterns. This causes the X-rays to scatter in specific directions based on the crystal's internal structure. The scattered waves interfere with each other, creating characteristic diffraction patterns that scientists can record and analyze. Following Bragg's law (nλ = 2d sinθ), researchers calculate precise distances between atomic planes. This technique revolutionized science, enabling the determination of DNA's double helix structure and countless protein structures. ;AI;103;Claude
D3-85;X-ray diffraction (XRD) is a technique used to analyze the atomic and molecular structure of crystalline materials. When an X-ray beam is directed at a crystal, the X-rays interact with the electron clouds of the atoms and are scattered in different directions. Due to the regular arrangement of atoms, these scattered X-rays produce interference patterns that follow Bragg’s law, allowing scientists to determine the crystal structure, atomic spacing, and phase composition of a material. XRD is widely used in materials science, chemistry, geology, and biology, especially for identifying minerals, studying metal alloys, and solving the structure of biological macromolecules like DNA and proteins.;AI;103;GPT
D3-86;X-ray diffraction is a powerful scientific technique used to analyze the structure of materials, particularly crystals, at the atomic level. When X-rays, a form of electromagnetic radiation with short wavelengths, are directed at a crystal, the ordered arrangement of its atoms causes the X-rays to scatter in specific directions. This scattering, or diffraction, creates a characteristic pattern of spots. The diffraction pattern arises due to constructive interference, where the scattered rays recombine to produce intense spots at certain angles. This phenomenon, governed by Bragg's Law, depends on the spacing between atoms in the crystal lattice, allowing scientists to deduce the atomic arrangement.;AI;102;DeepSeek
D3-87;X-ray diffraction is a generic term for phenomena associated with changes in the direction of X-ray beams due to interactions with the electrons around atoms. It occurs due to elastic scattering, when there is no change in the energy of the waves. The resulting map of the directions of the X-rays far from the sample is called a diffraction pattern. It is different from X-ray crystallography which exploits X-ray diffraction to determine the arrangement of atoms in materials, and also has other components such as ways to map from experimental diffraction measurements to the positions of atoms. Many different types of X-ray sources exist, ranging from ones used in laboratories to higher brightness synchrotron light sources. ;Human;116;Wikipedia
D3-88;An x-ray diffraction unit is a device used in scientific research and analysis to determine the atomic and molecular structure of a material. It works by passing a beam of x-rays through a sample and measuring the resulting diffraction pattern. This pattern provides information about the arrangement of atoms or molecules in the sample, including their positions, orientations, and distances from each other. X-ray diffraction units are commonly used in various fields such as chemistry, materials science, geology, and biology to study the structure and properties of different substances. X-ray powder diffraction (XRD) is a rapid analytical technique primarily used for phase identification of a crystalline material and can provide information on unit cell dimensions.;Human;115;Quora
D3-89;Type I errors can be thought of as errors of commission, in which the status quo is erroneously rejected in favour of new, misleading information. Type II errors can be thought of as errors of omission, in which a misleading status quo is allowed to remain due to failures in identifying it as such. For example, if the assumption that people are innocent until proven guilty were taken as a null hypothesis, then proving an innocent person as guilty would constitute a Type I error, while failing to prove a guilty person as guilty would constitute a Type II error. If the null hypothesis were inverted, such that people were by default presumed to be guilty until proven innocent, then proving a guilty person's innocence would constitute a Type I error, while failing to prove an innocent person's innocence would constitute a Type II error. ;Human;103;Wikipedia
D3-90;"Just like a judge's conclusion, an investigator's conclusion may be wrong. Sometimes, by chance alone, a sample is not representative of the population. Thus the results in the sample do not reflect reality in the population, and the random error leads to an erroneous inference. A type I error (false-positive) occurs if an investigator rejects a null hypothesis that is actually true in the population, a type II error (false-negative) occurs if the investigator fails to reject a null hypothesis that is actually false in the population. Although type I and type II errors can never be avoided entirely, the investigator can reduce their likelihood by increasing the sample size.
";Human;110;Paper
D3-91;"In statistical hypothesis testing, Type I and Type II errors represent two distinct forms of mistakes that can occur when making decisions based on data. A Type I error, often referred to as a ""false positive,"" occurs when a researcher incorrectly rejects a true null hypothesis. This means concluding that there is a statistically significant effect or difference when, in reality, none exists. On the other hand, a Type II error, or ""false negative,"" happens when a researcher fails to reject a false null hypothesis. In other words, an existing effect or difference goes undetected, and the null hypothesis is incorrectly accepted as true.";AI;104;DeepSeek
D3-92;In statistical hypothesis testing, Type I and Type II errors represent two fundamental ways researchers can reach incorrect conclusions. A Type I error occurs when researchers reject a true null hypothesis, essentially finding a difference or effect that doesn't actually exist—a false positive. For example, concluding a medical treatment works when it actually doesn't. Conversely, a Type II error happens when researchers fail to reject a false null hypothesis, missing a real difference or effect—a false negative. This would be like failing to detect that a treatment is effective when it truly is. The consequences of these errors vary by context.;AI;101;DeepSeek
D3-93;Whether is psychological research or testing a new cancer drug, a Type I and Type II error have the same meaning.With a Type I error, you conclude that something is different - but in truth, it isn’t. With a Type II error, you conclude that something is not different - but it really is. I’ll invent a fake psych experiment. Let’s say that you want to see if men and women respond differently to a movie scene and you ask them to rate their feelings on a scale of 1 to 10 where 1 is they hate it and 10 is they love it.;Human;104;Quora
D3-94;In statistics, Type I and Type II errors occur in hypothesis testing. A Type I error happens when a true null hypothesis is incorrectly rejected, meaning a false positive result. For example, detecting an effect when none exists. The probability of this error is called alpha (α) and is usually set at 0.05 (5%). In contrast, a Type II error occurs when a false null hypothesis is not rejected, meaning a false negative result. This happens when an actual effect is missed. The probability of this error is called beta (β), and its complement (1 - β) represents statistical power. Reducing one type of error often increases the other, requiring a balance based on the context of the study.;AI;119;GPT
D3-95;Charles Darwin’s visit to the Galápagos Islands in 1835 was crucial to the development of his theory of evolution by natural selection. During his voyage on the HMS Beagle, he observed that finches on different islands had distinct beak shapes suited to their specific diets. He also noted variations in tortoises, mockingbirds, and other species, which seemed to have adapted to their unique island environments. These observations led him to propose that species gradually change over time through natural selection, where individuals with traits best suited to their environment survive and reproduce. The Galápagos played a key role in shaping his ideas, which he later published in On the Origin of Species (1859).;AI;113;GPT
D3-96;The relationship between Darwin's theory of evolution and the Galápagos Islands is deeply intertwined. During his voyage on the HMS Beagle, Charles Darwin spent time in the Galápagos, where he observed the unique and diverse wildlife. The islands' isolation and varied ecosystems provided a natural laboratory for studying evolution. One of the most notable observations was the divergence among species on different islands. Notably, Darwin's finches exhibited variations in beak shape and size, adapted to specific diets on different islands. These differences supported the idea of natural selection, where traits advantageous for survival are passed on, leading to species divergence. The physical isolation of the Galápagos Islands allowed species to evolve independently. ;AI;112;DeepSeek
D3-97;Charles Darwin's historic visit to the Galápagos Islands in 1835 represents a landmark in the annals of science. But contrary to the legend long surrounding Darwin's famous Galápagos visit, he continued to believe that species were immutable for nearly a year and a half after leaving these islands. This delay in Darwin's evolutionary appreciation of the Galápagos evidence is largely owing to numerous misconceptions that he entertained about the islands, and their unique organic inhabitants, during the Beagle voyage. For example, Darwin mistakenly thought that the Galápagos tortoise–adult specimens of which he did not collect for scientific purposes–was not native to these islands. ;Human;103;Paper
D3-98;The Galápagos Islands (Spanish: Islas Galápagos) are an archipelago of volcanic islands in the Eastern Pacific, located around the equator, 900 km (560 mi) west of the mainland of South America. They form the Galápagos Province of the Republic of Ecuador, with a population of slightly over 33,000 (2020). The province is divided into the cantons of San Cristóbal, Santa Cruz, and Isabela, the three most populated islands in the chain. The Galápagos are famous for their large number of endemic species, which were studied by Charles Darwin in the 1830s and inspired his theory of evolution by means of natural selection. ;Human;102;Wikipedia
D3-99;The Galapagos Islands played a pivotal role in the development of Darwin's evolutionary theory despite his brief five-week visit in 1835. On these isolated volcanic islands, Darwin encountered unique wildlife that had evolved in remarkable ways, inspiring his groundbreaking work He observed that similar species on neighboring islands displayed distinct adaptations - particularly notable among finches, tortoises and mockingbirds. Darwin was struck by how these animals, despite developing in isolation from mainland relatives, had specialized to exploit different ecological niches on islands with nearly identical environments These observations provided crucial evidence for his theory of natural selection, which he described as allowing the strongest to live and the weakest die.;AI;110;Claude
D3-100;The Galapagos’ natural environment was substantially different than most of South America (drier, more volcanic etc). But more importantly, the Galapagos islands were much less biodiverse. There were no mammalian carnivores, no ungulates, etc.Thus the Galapagos “finches” could evolve into niches that on the mainland would have been grabbed up by other birds (woodpeckers, warblers, seedeaters). Thus surfing iguanas (my next band’s name) could evolve. OK the iguanas don’t actually surf, but they hang out in the surf. The Galapagos are a microcosm of the greater web of life. A natural lab for evolution, less obscured by the tapestry of one million species gyrating across the South American landscape.;Human;109;Quora